AccountLogin,Password
AD0001,AD0001@123
AD0002,AD0002@123
AD0003,AD0003@123
AD0004,AD0004@123
AD0005,AD0005@123
AD0006,AD0006@123
AD0007,AD0007@123
AD0008,AD0008@123
AD0009,AD0009@123
AD0010,AD0010@123
AD0011,AD0011@123
AD0012,AD0012@123
AD0013,AD0013@123
AD0014,AD0014@123
AD0015,AD0015@123
AD0016,AD0016@123
AD0017,AD0017@123
AD0018,AD0018@123
AD0019,AD0019@123
AD0020,AD0020@123
AD0021,AD0021@123
AD0022,AD0022@123
AD0023,AD0023@123
CS0001,CS0001@123
CS0002,CS0002@123
CS0003,CS0003@123
CS0004,CS0004@123
CS0005,CS0005@123
CS0006,CS0006@123
CS0007,CS0007@123
CS0008,CS0008@123
CS0009,CS0009@123
CS0010,CS0010@123
CS0011,CS0011@123
CS0012,CS0012@123
CS0013,CS0013@123
CS0014,CS0014@123
CS0015,CS0015@123
CS0016,CS0016@123
CS0017,CS0017@123
CS0018,CS0018@123
CS0019,CS0019@123
CS0020,CS0020@123
CS0021,CS0021@123
CS0022,CS0022@123
CS0023,CS0023@123
CS0024,CS0024@123
CS0025,CS0025@123
CS0026,CS0026@123
CS0027,CS0027@123
CS0028,CS0028@123
CS0029,CS0029@123
CS0030,CS0030@123
CS0031,CS0031@123
CS0032,CS0032@123
CS0033,CS0033@123
CS0034,CS0034@123
CS0035,CS0035@123
MN0001,MN0001@123
MN0002,MN0002@123
MN0003,MN0003@123
MN0004,MN0004@123
MN0005,MN0005@123
MN0006,MN0006@123
MN0007,MN0007@123
MN0008,MN0008@123
MN0009,MN0009@123
MN0010,MN0010@123
RC0001,RC0001@123
RC0002,RC0002@123
RC0003,RC0003@123
RC0004,RC0004@123
RC0005,RC0005@123
RC0006,RC0006@123
RC0007,RC0007@123
RC0008,RC0008@123
RC0009,RC0009@123
RC0010,RC0010@123
RC0011,RC0011@123
RC0012,RC0012@123
RC0013,RC0013@123
RC0014,RC0014@123
RC0015,RC0015@123
RC0016,RC0016@123
RC0017,RC0017@123
RC0018,RC0018@123
RC0019,RC0019@123
RC0020,RC0020@123
RC0021,RC0021@123
RC0022,RC0022@123
RC0023,RC0023@123
RC0024,RC0024@123
RC0025,RC0025@123
RC0026,RC0026@123
RC0027,RC0027@123
RC0028,RC0028@123
RC0029,RC0029@123
RC0030,RC0030@123
RC0031,RC0031@123
RC0032,RC0032@123
RC0033,RC0033@123
RC0034,RC0034@123
RC0035,RC0035@123
RC0036,RC0036@123
RC0037,RC0037@123
RC0038,RC0038@123
TN0001,TN0001@123
TN0002,TN0002@123
TN0003,TN0003@123
TN0004,TN0004@123
TN0005,TN0005@123
TN0006,TN0006@123
TN0007,TN0007@123
TN0008,TN0008@123
TN0009,TN0009@123
TN0010,TN0010@123
TN0011,TN0011@123
TN0012,TN0012@123
TN0013,TN0013@123
TN0014,TN0014@123
TN0015,TN0015@123
TN0016,TN0016@123
TN0017,TN0017@123
TN0018,TN0018@123
TN0019,TN0019@123
TN0020,TN0020@123
TN0021,TN0021@123
TN0022,TN0022@123
TN0023,TN0023@123
TN0024,TN0024@123
TN0025,TN0025@123
TN0026,TN0026@123
TN0027,TN0027@123
TN0028,TN0028@123
TN0029,TN0029@123
TN0030,TN0030@123
TN0031,TN0031@123
TN0032,TN0032@123
TN0033,TN0033@123
TN0034,TN0034@123
TN0035,TN0035@123
TN0036,TN0036@123
TN0037,TN0037@123
TN0038,TN0038@123
TN0039,TN0039@123
TN0040,TN0040@123
TN0041,TN0041@123
TN0042,TN0042@123
TN0043,TN0043@123
TN0044,TN0044@123
and,^7^711xtJj5W
anha,M4wUo4Cp&t%5
anha892,+Ql3KBhs%x2G
anhb,!0uCr7FQe5fM
anhd,r$n1oZ@r%QQD
anhh,j+C_LzXMD#32
anhh115,M869pL!d%W4K
anhh393,m74R5YbM_4Fh
anhh85,)Qt#8xad+54F
anhi,@Qx#XlGNy5Vc
anhl,L$8x3PeDyQ2D
anhl220,5w@P)6hRQB!)
anhl431,+dOyDsEfv2zM
anhl614,W9xqcLYm(^w0
anhl685,e3XrcJ0c+3sx
anhl894,@+8JgtU^6b$R
anhm,4@+8Xd)vbmg_
anhn,z+g2PzWTehx0
anho,cv5XHQed@rOh
anhp,251&%JFb+AyD
anhp137,$q2#D*2qP3Jy
anhp484,j5m0Ny9$F_8z
anhp909,9E*88DwgnznY
anht,^G0Q*ftSrmE3
anht306,@f*xQHlNEBy0
anht557,E#a3Cqu$3!!I
anhv,qv*M!Cd36@1B
anhv616,a+97PdArtr@&
ani,66GRZwTl@c(I
ann,^!TtA^g0_cZ9
ann331,k5h0%WkW8)F(
ant,vs&hKZWsrST9
aoa,*9Wsg4sHrhGK
aod,_0hYSvcyBZeG
aod140,#Zmp+M_F0oE^
aom,orNmFsle(591
aop,5hk+29gNn#2K
aop778,^sLr2Wq)v%81
aov,&6htO7icq0HH
aov856,H#n2Mn&aPS62
ata,@$vxXKQd_ZC7
atd,5Ks$iKg^^he_
atl,@KO07Qv^e)iA
atl328,+3YCZrcQKS(H
atn,b#d(3Iu3u$uU
ato,n)Ds4NAwatNJ
atp,#rZ5Rsk5RbzU
att,^JoR2QgSW8*n
atv,%1AnM*fYQRz_
baod,(ldXiB6xXk3G
baoh,G^x+6dYn5gyT
baon,$41ndQJ2(EP(
baov,#be9!pge(7P6
bichb,0jD#_ikq6!0T
bichl,NHosTnQa^3s6
bichl844,kFC&1WGbiyzk
bichm,(En1%pFn@5GL
bicho,(6D&*mtbI5F1
bicht,_2ENSf$5$5!Z
binha,y$13hMZphpLM
binhl,UUL3^NpI8@**
chin,LT8FZPjs+LdE
chit,XB7UNdcb!UNG
chit927,b2Uqny(n$fY#
conga,z05qAJWl_xEQ
congb,!h+hRlv3R&0S
congh,81qYbgDcK)0V
congl,99vsVNhe$wXR
congl222,&98_D*y26gPO
congl378,K3BU0QqrduN(
congo,aDxfT5TbX#D5
congo404,x%6Open%Q@@Y
cuongh,&8Meu8w1W4fH
cuongh542,yW@1rvTucLVr
cuongn,5$5Wa_gLQvw^
cuongn490,yabGet^h$U4M
cuongp,(LrG%8Gkt$ku
cuongp160,#kFPFlmd999l
cuongv,#g5kMYIbSfEU
dieub,TH*DEb@v(1fD
dieub216,l#3Zsl$@i_27
dieuh,(8$xIcoAhI$Z
dieuh5,n!1qp2QqndNt
dieui,Bkv@4EcHk(X6
dieui403,^3cOC5veoZYr
dieum,KI5WrjIk+af*
dieup,q5PvjVRm!9pn
dieuv,88^IDQ2b0Gs0
dunga,39716zpHm!1K
dungb,PkVzbqq$58y%
dungh,+3hooYsKupC2
dungh223,k$%8yGgo4Obc
dungl,DIn(pNp!2_T0
dungn,HPrzTizOM2W$
dungn579,D(uwF9Tg@D12
dungp,IC(q4FacK(Si
dungt,DIARPMyr^tT8
duyb,Sn6^rh#$bdcO
duyl,C7Sz(5Pp&GxL
duym,_lB1iyQgXS_9
duyn,N1Xv7Z&o!rjm
duyp,*w8k1QouO7_$
duyt,R(@F2MikBj)7
duyt735,$j(3MGZbXMNk
duyv,2WJS9@xF+6Hv
giangd,@Hk2x^izA(PN
giangd655,d%@A)z4^Pi55
giangm,B)5hQ87kYi4G
giangn,@2UbHjOqg1lw
giangn12,#c8)bwr81qVK
giangn455,d7HE_9vb!#sZ
giangp,cg0(huA4*UkO
giangv,J+xQRVBn)(z4
had,+D3WykmdkvFd
hah,oOU!l8JfoNm8
hah879,kGO%07Exizak
haia,FHb!0Bjo_YKI
haib,7rMlbKl$*PVV
haih,p*d@Elc4hy98
hail,(9QIfU7c!vlJ
hail843,rvE$^2l6&2bT
haim,$L$RFpyLU86N
hain,(9JzWuKN0yZx
hain548,jLSVz^I&(g1S
hain791,q)6YGMvpcHN0
haio,DV1h#ZquR#iI
haip,(cKboP@c#8cp
ham,K^JMg!xeeI3t
han,im#rAUbZ_HI4
hangi,5fc^Npg+n%8a
hangm,rrW_QX9c(LU2
hangm640,GMyrotrf+J6F
hangm651,$i%^4F4^7uNq
hangp,6kN+67Jg#v2!
hangt,cJI%AMF^K1Po
hangv,^PVxL5f_09WB
hangv67,D!6dqy1%l&hN
hanhh,5)0JjnsY&B1U
hanhh336,#USxTrB^k)00
hanhl,ajQicyg^+6C%
hanhl602,WBA_wjVb*9@Z
hanhl665,y_4LuL0sBx5V
hanhn,2_HPi^K2R577
hanhn596,4sdvVl^y%dW6
hanhp,U6DsBR1ViDL_
hanhp843,Q(G4%lPw*4lb
hanht,(d*_5ViHtY!9
hanhv,m#pVSCJx@9u#
hat,3+xGFTjO+W2p
hav,%f8bvnEGG^(M
hav109,Uw7R4ohfFM(&
hav783,)@x)BvR)()5(
hiena,Ael!GaUE$264
hienh,$cRq_Itwk6U$
hient,!5wuGpPaX9RN
hient710,*6WcA&bOxMsk
hieua,7Cc3IDKl%TFS
hieul,q$1cMqsuS(N#
hieun,_a6Cr+aY#QgP
hieup,l09*CW0x0%RI
hieup389,FoJd1FY+r@x2
hieuv,t)7WflJV8O6&
hoaa,B!e69Wv7iuAB
hoah,Rd)^oNfuc82T
hoan,Je*46aLuID5H
hoan158,@2MIO!r5nnS6
hoan888,^VcIrswlkYl0
hoangb,*nh6CvLpXhft
hoangd,t@V56Gp^Yr$6
hoangd793,%vz9mlk)d4Lh
hoangl,j5&$uMwz*@n1
hoangm,Tzc7Kc*rf(eb
hoangn,cpw3gEo+N*U+
hoango,@xGFaT#V9vbk
hoangp,(D2OReYj+70R
hoangt,lrj6YGEW6%@u
hoangv,s_0Ex$$ofl@Q
hoangv662,(e&1Z$Ni3wJq
hoao,M83YrrU@_LIH
hoav,FyjUQ1Qo+4zv
huea,%&6Eq5Do4qJv
hueh,9PLs5cdNyH_e
huel,iby9M3de@%@2
huem,&7qO+gGCK3T@
huet,nGm^w6C#(5X&
huev,*!eco#m!X80Y
hungl,v8maSX5d_jYr
hungn,(k9FkJZ&4aOE
hungp,oZOb3O8Si4b_
hungt,)@WgVi(_62%V
hungt277,OM%zqCb*!N0a
huonga,#*6K+In%a6K@
huongd,@+)6QIx&_2)U
huongh,$G!Z!jJ5TQ5y
huongh911,_Nh$NZuh5@09
huongo,ZjE$cYFyG@K7
huongt,ow%*L1fIkG)3
huongt269,BS54FnGeU)EK
huongv,gMys#Hcp)x0H
huongv839,W)#3Xl(ktq^*
huyb,77N+I0rZPBol
huyh,2+xUZzAXER&5
huyh69,EZJLo4K1)2RG
huyl,f^7kwBix_IHH
huyl856,3FT#RHHv+1%Q
huyn,B9_P7)XqM#*Q
huyp,@)%m5Eu2TK$O
huyt,&4lMoSvlGwXs
khangb,0zDnTtOih%4Y
khangd,5cL4AgTn8(7K
khangh,2sCwuFCg+kQ5
khangl,Bh3_9H+l8qfJ
khangl193,r8nM9MiCV9k&
khangp,L!Et62Tn(4W9
khangp472,5&cGMt0jIn2p
khangp682,6bAV_L!W$nio
khangv,*)tw3Sl)@sRn
khanha,%%xwvftT4J6I
khanhb,*c^Wj+8^h2gD
khanhh,j%!0sfGabbZB
khanhl,*CKUyf&a^8gq
khanhl870,_8g$NHJrhE&#
khanhn,7w0NuZjSy)AX
khoad,m$$xQ0ciJyG8
khoah,(VCeKR39(0Cd
khoah365,_2XZE2S!Mr+V
khoat,&F#oUhf7CNR5
kienb,6)J7%VwA9dpz
kienh,APT_slS#gF2)
kienl,%1TKrbZb@CGY
kienl869,_qKhPyQ85Xns
kienm,)p3d*)dy!L*F
kienp,%#+IVL86sx4*
kienv,dl^utKc0gL_1
kimh,(ME5Awsr*u5R
kimh850,@)IzZt4nJ7Gq
kimm,S@KKyT2kpR^5
kimo,0P#Hej*d#^8G
kimp,y%0Gbc%@23q!
kimv,@D1cLrbW0zvb
kimv761,M9^E%Yy4$pq%
lamh,)@hUyzczK9YR
lamh31,Wfa3YRz#l$Pe
lamn,Rz$uRdgvyB$1
lamo,RLH3bvri!2PX
lamo785,($9KVifvNvvq
lamv,8aFI%Zz6*qy3
lanl,a_3C8Ons^oeR
lanl814,MjsNFqc9(5S+
lanm,ggQ5CqlL76#f
lano,)0s65Nt+6$X$
lant,*+I&(K1ys4IX
lanv,6^HNUJhrX!23
linhd,$&cu5jXzJ1Wy
linhh,1TWvtrlf*S13
linhh224,6D+YY#)k@32x
linhi,)1wMM0p3wV5N
linhi821,rY7W)Trtr8)S
linhl,_hOCgc(n17UL
linhl241,+X03tU8yYs4%
linhm,w8YeXgy*@Yoz
linhn,u)7&%gGWG%oT
linhp,)Y46#S0f(5bU
linht,i%g!Wqe(49yU
loand,kVg90G%r1)Z*
loanh,W#^O)J6gLG9C
loanl,s44Xn4+g6$!p
loanm,$0Dco5pb9pQH
loano,@5YjK9BpMU)K
longh,%65tIyh0XBm^
longl,%ybAknpwF7%%
longo,8m272vmU_2zF
longo285,H76LlwI#_Y5f
longp,h$3Np$)yaTgB
lya,e&(vtBiwyr8u
lya334,^4f1xxMl(HDc
lyh,*uU2)OUl8JsQ
lyh559,K8YRzx0z+yQ)
lyl,Pd@S2ZkLo(#6
lyo,U84xaOoo)tAf
lyo866,NIb3WVcN+uw4
lyp,IgoC#&9Q_5Uj
maib,*hzeZR3sp1pL
maii,I#5Wnmqp3+CB
mail,@8qxIJTE*w4W
maip,q$X4G(Rozh8$
maip458,tma0ChDZ($BW
mait,3Y5&f_r+%iNP
minhh,y+g)1U4ngN9j
minhl,*mE@ItUlx_4L
minhn,S0)_Ang53Pq6
minho,4BQEnEZz#ORZ
minho202,^1u^MxAvcSpA
minhp,O5H$n8oZ)I8S
minhv,5tXy+Vjg(Zlp
mya,0TTluPx$(4!G
myh,(4b#rEgtJy@V
myh44,FdF)zsKI+7mX
myh988,o45JFf4h)0IS
myp,!qqQ8Phvln8!
namh,aC#O%oJzS+3J
namh740,aahW2Dmc$&^3
nami,+2Q5LCNu@3nN
namo,(7Oftuc5hHKh
namp,7^)VHv+zE8Or
namp662,J0^Bft4U(8$Y
namt,_tDyYE)_w14J
namt297,(FIHvuir2V9R
namv,I2gOnOfP#PmB
namv26,R7EjF2d!WrS^
namv812,@5zhbElynGzQ
ngah,rra&36AkEHj_
ngal,rnBiBMGZ%6WK
ngan,JX1ECk7g%SEC
ngap,5L$)7nGa#JU9
ngat,l0QrPE&n+0!y
ngat226,jE8Dcc#K$ii_
ngav,3@1CejV(z$Pk
nghiah,q6XZlO%X$sHY
nghiai,%2KaDAe_B93N
nghial,HUfA^nJ^+748
nghian,_2LATO#uJ@7L
nghiav,@d1_$#h77FE%
ngoch,6u9%CRlst0)K
ngoci,)A+BnmK%0^Ed
ngocm,6*3(APXkNJKV
ngocp,@Bq1ICh2MW*e
ngocv,+87oehGoM%$W
ngocv419,*ZYyvI7gU5vZ
nhatb,5&XwjPob!r$X
nhatb555,(*TDvtdz&s5H
nhath,!0A1&aeQnrpr
nhatl,$jo4Hghume^R
nhatn,7Opc5VajEdW$
nhatp,_j9+P$_gOId6
nhatp87,G9R5ryI*$ieb
nhatv,cuU3VAo_%5^+
nhih,^lr_LMEgtk4w
nhunga,L5bVpUco(p&X
nhungh,prN3sGbZ!+kx
nhungl,HSjI^JzL_b9K
nhungm,D^H1btRT)x5l
nhungn,LWYvWp_m)K45
nhungo,+bIDGx9_k$5q
nhungo102,^YU(M1dK@6Zz
nhungp,+2KeG+y*h!Wy
nhungp452,J(o(7Jv#^2!n
oanhh,@4Hn9Ay9^)0n
oanhh382,IRvdfG&wq!1H
oanhh696,U6a+qrMl^ZRk
oanhl,C1nflf8J+DMx
oanhl893,&0Z+G0oFZeYa
oanhm,F9h4y#b&%#Da
oanhn,1X#7UOtm&aWb
oanho,UcIFNuEI*3as
oanht,*#Qz0lm8a7j5
oanhv,dy6V%Vk3)%QW
oanhv971,rf#SRUO(f#5r
phongl,_%VsAdNbe9q#
phongl234,^6aAMlAiZlR&
phongl999,lJ4@xGpqPlTT
phongn,xGLw&Pfp^3T8
phongn742,U+hfbIlVC$c6
phongt,YM%7FSOwN_^g
phongv,%Jt7_d(p!vUt
phongv51,*RF_6rCh@_FL
phucb,E3n+h^(6!KKJ
phucl,&jB8bGrn7rH6
phucl575,a%1p(*DdNAr*
phucm,_kpn!itgv2Ma
phucp,*x0EesB53LJ%
phuct,fo*63BoAi*H3
phuonga,3U%$9Jay_tMH
phuongb,d^2gl7Ew_I9W
phuongd,$+O+0BDLQ8Bj
phuongd338,y@6RkVu&^J05
phuongd654,s*eCtzldp6@+
phuongd695,F_KT6h#L@p7%
phuongh,KN3lzSzz+l8J
phuongh557,k*vNZyXN+G44
phuongh632,P&Z@5O7jhC(3
phuongl,@BY9ZC_i134v
phuongl217,c(3bJKcjc&^g
phuongl47,5k6vj_Mw%!Xj
phuongn,%jxE2Vo2XPtl
phuongn115,6G2#jg^6%glC
phuongn245,R$#+6C&vkkwp
phuongn470,(Z9R^beM4up5
phuongn936,I@0G!e6CSTLB
phuongp,)T1DmznoCLlC
phuongt,)oRxhNKm#U5R
phuongv,%q0CY9ig!MAp
phuongv620,*oFHz^qf80vN
phuongv839,%&rTQ*wBg5LH
quangd,72R7oUdK*Fpz
quangh,kc$1DHNbypn3
quangn,Go6RlGMMr$Wz
quangp,3Crh3tqz+6VU
quangp310,s&5FC0cr4t*m
quangp853,@+SA2JAi5g+*
quanl,^vLL)pgXgf2W
quynhb,_7Z_(6XrQcGU
quynhh,NnG7zSRo+X%e
quynhl,Q0(DFfgnz#6X
quynhl304,1xce*3GSE&Xi
quynhl341,K+a%nKaSBB8L
quynhl431,Wk4FaBs9e^w@
quynhn,9r7FKkns^HR!
quynhn850,+H9muk!analH
quynhp,&_2qrBlUp75Y
quynht,J(YCEct77u3_
sonh,__yFIqdiX$49
soni,LezAEHthB8$7
sonm,s)Tx5gxh_MVa
sonp,8n6XWaRO@3rk
sont,1!o0+Yv_*B3r
sont859,h%(eVQaD0NS@
taia,(BZbXGZdH8B9
taib,W56BQ4dpQD@7
taid,#4CYAyNB9_5u
taid164,I%KZIjz@%OH4
taih,3%_#2fo&)3$T
taih643,M6i4GEGaX@m8
tail,B$kHcne7D99x
taim,&O8^rYavp_+0
tain,p7$w6Xx^r)&1
taip,9HCNOsSj%#G9
taip357,+5FcxuEqbCXb
thangb,z$EeCv$_$t3S
thangh,beUsoYs(_+9k
thangn,XT6JVN7y$^!v
thangp,P+gw9SCbxbLe
thanhd,_847WWFg)LO$
thanhh,g#Zq9DacUgC4
thanhh189,JUm5fTSo&h3q
thanhi,pA7k4HxPY&u1
thanhl,nx!u8)pN_6CV
thanhl161,)3WagrYh$wof
thanhn,UDq!7DIv_iH8
thanhn823,jl!4Cs0oEGFC
thanhp,W*p0Oe6X@cwR
thanhp116,fl9jQhk1)^VO
thanht,+&)8Cy3r3I((
thanhv,A0Jvx4Kq+4A*
thaoa,&1!&Wcosc9WJ
thaod,@8CEi(EPl31M
thua,Tw5AniT@%int
thub,$!5*&^yk9z5L
thui,2J^YqAA^^Vsx
thui474,%k9+2vDzNjmB
thul,Prs%83Kkd^a#
thul10,H&LcdYdsQaR1
thul56,8XK3Y9nNv2$a
thul770,*YGg5Fgjj6PT
thul820,2DW@bQF(#lBi
thul980,DdSC8P3ra$mw
thul994,)i4)&P6(v262
thuo,l1sv$d3a(+AO
thup,^1qKs6$hIX5N
thut,$MFXCh+f2sZx
thuv,(6xvM&n6d&Lg
thuv607,gNI+2CElKXWA
thuyh,eq)d7QmQA1q%
thuyh290,%1)cL3lL*7at
thuyn,uA90Hfuy8%ob
thuyn600,!M%!MFm412WC
thuyt,@gbTDbvdD$W0
thuyv,D1b@Tshq5BD@
thuyv977,)_k40Wk^AMxx
tranga,&Dt*3N+pOTn%
trangl,GQijC&ci@7h2
trangl359,%r6JJlFvzSQ%
trangl722,(CPd(obs9_pm
trangm,o)64ASiSujC^
trangn,b3!q7%^KiNHp
trangp,&8PM!srm0pUs
trangt,#CPz!Nl$)q4u
trinhb,#PT$bz!*!6cs
trinhh,#2uO^*ef5xP0
trongl,yreVgl8J#3WH
trongn,8b9sF&p+O@%E
trongt,A19y4Mm7+$hU
trungl,w1Ffn0sq#R%4
trungm,Q%_9Pdo@L5r*
trungn,^5mpD%884sLF
tuana,)Mb82CNh!rvF
tuanl,4^(QP$cl^@8X
tungb,83(af(Ar(IO+
tungb313,h6rEEtyyD&7X
tungh,%)OLicUT+2kG
tungh242,LK^h2WnUXOH7
tungh563,&2&VFmphm&07
tungn,a2@b#RYnYdDd
tungp,@^1hW_JsD&@o
tungt,Q*9Hsoxf5G1D
tungv,VwL#5qtZs*7O
tungv890,_q1nNu_CU0VC
ucb,&4Vu8WtG)1GQ
ucd,)QQPMNyYY$#8
uch,@!vkHf2jote1
uch204,@yvIFphvQ_x9
ucl,K2xgqDJa4I@1
uct,w!!3U+xR7bpt
uyena,Itl3GOCcK))4
uyend,A#70Jit)MQjW
uyeni,!G7tLA!gj0Ri
uyenn,4cOHx^fu+(ko
uyenp,47_OHupMffh%
vanb,#2vXLb+6k^NT
vanh,Kl5^JCohH(Du
vanh665,+1nsG1g^#fHj
vanm,F+PV)4g5BBWX
vanp,^)*TEi9(fpQ3
vanv,LYQGMRSs+&4y
vanv429,0&JrvZgj6mA4
vietl,@c0hpBdwMZ*S
vietl16,E*VXpB^u@8ts
vietl851,^8A7&bpgZDEB
vuh,)KACo%Cf+L2D
vul,s(A^OIVic93i
vun,+Y9Rzq4UCFuq
vut,2TMB75x0%3qt
vut608,YdR9gMyzc^**
vuv,*o(BUtSll5Lj
xuanb,^uAGg3x^01Yb
xuand,c9TnRApJ3o%m
xuanh,07!vOi0Z!v@J
xuanh277,!Os%bOKr2jUJ
xuanh315,42vjtpyu&$Ns
xuanh727,pHSOBCl#_1kA
xuanh736,Mz)IU0EOt__T
xuani,Uf8YqUqVw^MN
xuann,%4yKmkje)s%*
xuanp,Eg7SrzZt)Uu0
xuanv,^4vM0Xdg3i)L
xuanv816,dxWDeZi18VL(
yena,yl*0EMh&cDi+
yenh,Z&TC4Wtuas1T
yenn,n#8kSgNu8WH)
yenp,%EY4alBd*6lm
yenp125,#j1L1dSIE%cM
yenp672,374_uaTSVcP9
yent,)X0S#p*fL101
yent904,$6L*n&SdqhHv
yenv,J2UzU3r5*2d6
