AccountLogin,Password
AD0001,AD0001@123
AD0002,AD0002@123
AD0003,AD0003@123
AD0004,AD0004@123
AD0005,AD0005@123
AD0006,AD0006@123
AD0007,AD0007@123
AD0008,AD0008@123
AD0009,AD0009@123
AD0010,AD0010@123
AD0011,AD0011@123
AD0012,AD0012@123
AD0013,AD0013@123
AD0014,AD0014@123
AD0015,AD0015@123
AD0016,AD0016@123
AD0017,AD0017@123
AD0018,AD0018@123
AD0019,AD0019@123
AD0020,AD0020@123
AD0021,AD0021@123
AD0022,AD0022@123
AD0023,AD0023@123
AD0024,AD0024@123
AD0025,AD0025@123
AD0026,AD0026@123
AD0027,AD0027@123
AD0028,AD0028@123
CS0001,CS0001@123
CS0002,CS0002@123
CS0003,CS0003@123
CS0004,CS0004@123
CS0005,CS0005@123
CS0006,CS0006@123
CS0007,CS0007@123
CS0008,CS0008@123
CS0009,CS0009@123
CS0010,CS0010@123
CS0011,CS0011@123
CS0012,CS0012@123
CS0013,CS0013@123
CS0014,CS0014@123
CS0015,CS0015@123
CS0016,CS0016@123
CS0017,CS0017@123
CS0018,CS0018@123
CS0019,CS0019@123
CS0020,CS0020@123
CS0021,CS0021@123
CS0022,CS0022@123
CS0023,CS0023@123
CS0024,CS0024@123
CS0025,CS0025@123
CS0026,CS0026@123
CS0027,CS0027@123
CS0028,CS0028@123
CS0029,CS0029@123
CS0030,CS0030@123
CS0031,CS0031@123
CS0032,CS0032@123
MN0001,MN0001@123
MN0002,MN0002@123
MN0003,MN0003@123
MN0004,MN0004@123
MN0005,MN0005@123
MN0006,MN0006@123
MN0007,MN0007@123
MN0008,MN0008@123
MN0009,MN0009@123
MN0010,MN0010@123
MN0011,MN0011@123
MN0012,MN0012@123
MN0013,MN0013@123
MN0014,MN0014@123
MN0015,MN0015@123
MN0016,MN0016@123
MN0017,MN0017@123
RC0001,RC0001@123
RC0002,RC0002@123
RC0003,RC0003@123
RC0004,RC0004@123
RC0005,RC0005@123
RC0006,RC0006@123
RC0007,RC0007@123
RC0008,RC0008@123
RC0009,RC0009@123
RC0010,RC0010@123
RC0011,RC0011@123
RC0012,RC0012@123
RC0013,RC0013@123
RC0014,RC0014@123
RC0015,RC0015@123
RC0016,RC0016@123
TN0001,TN0001@123
TN0002,TN0002@123
TN0003,TN0003@123
TN0004,TN0004@123
TN0005,TN0005@123
TN0006,TN0006@123
TN0007,TN0007@123
TN0008,TN0008@123
TN0009,TN0009@123
TN0010,TN0010@123
TN0011,TN0011@123
TN0012,TN0012@123
TN0013,TN0013@123
TN0014,TN0014@123
TN0015,TN0015@123
TN0016,TN0016@123
TN0017,TN0017@123
TN0018,TN0018@123
TN0019,TN0019@123
TN0020,TN0020@123
TN0021,TN0021@123
TN0022,TN0022@123
TN0023,TN0023@123
TN0024,TN0024@123
TN0025,TN0025@123
TN0026,TN0026@123
TN0027,TN0027@123
adang,qNQ9#FrwY^
aduong,6#yDc5Su+F
aduong1,^Ex28DDox+
ale,+3ovr5OspD
avu,9^!GI&tr+8
bbui,f3s5sTdys(
bduong,%D5OSyw1(9
bhoang,z(pP1Efv3F
bmai,il*4MZ%uHj
btran,P(3KZ3xcvv
buijane,u(ac3Xg@8m
buijane1,*Yu^XHNtr9
buijane2,E5K0Olp@^4
buijane3,tw762FRsf+
buijohn,#Q3_R+87f2
buijohn1,y+7Ghsz62@
buijohn2,d8RCIglr)6
buijohn3,wixk4ETh($
bvu,djJ8NEiC$6
cdang,&1AG3J1tVc
choang,fK#24MRhI$
cmai,3$M@qN*n#1
dangjane,n1tCBW2y%1
dangjane1,)y)bS!yi08
dangjohn,**HhbtPf)8
dangjohn1,6*d6Nqqxpa
dangjohn2,cT5Jl*fC@y
dangjohn3,(X44Sun5kd
dangjohn4,+gH^KRIGJ3
dangjohn5,_4(IO1go^L
dpham,6V8XP!iF@B
dtran,_i@IO%psO8
duongjane,&*7$H6p0&g
duongjane1,9s&4OfaGj_
duongjane2,$44HGg*FvO
duongjane3,$Y9BYT_yRf
duongjohn,U%b4b8WirM
duongjohn1,_#9B1kFwG_
duongjohn2,^0V1wV%Gfo
ebui,N^wx43S&qi
ebui1,RfM&0EzzG2
eduong,P)W5ZJpb4)
ehoang,)uXh33bfM3
enguyen,qOv9R8oSC$
etran,_^WqaSFy84
fbui,^s(M^gh6h0
fdang,_P_2OcBvSU
fhoang,!k2*Zn_bId
fnguyen,@L#g0oHyJM
fnguyen1,*iRlWHYh3Y
fnguyen2,$e55MqxH)L
gdang,+CKsTdOQ@0
gdang1,+22AapzVM3
gduong,J)3(!QVviv
ghoang,F$sJ@7GvRV
gnguyen,qxH&3_Si($
gtran,kAQD3sDk$@
gtran1,X$1H*qX8l&
gvu,YbaLWhXe+9
hduong,_6Hz@5QB^Q
hduong1,@mB_po+*F7
hhoang,)2DYuE(irM
hhoang1,B+1nPiDwK8
hmai,*1TZii7SOV
hoangjane,+z_BnnE@&7
hoangjane1,12Jv)Uj5@D
hoangjane2,*+1rPj@fLh
hoangjane3,s(#2vW1txo
hoangjane4,9wlS1Zsm*@
hoangjane5,D$W_2IyZc*
hoangjane6,L*_SU1HoVI
hoangjohn,k*9EfvSiAE
hoangjohn1,@859LD%_rw
htran,*vzEqs81_4
htran1,)6PQ&5LtRN
idang,$WCzHo5k9m
ihoang,#7AEic7Xms
imai,o2PF9jTY_v
jane00,&XUXeJQSb4
jane01,&(V67lWmhE
jane03,@6Wq^y&grw
jane05,$2tP&pQM)(
jane10,8I5fHxxO&c
jane11,+wDSv0Oow#
jane12,$2NqNgmRPY
jane13,Q(1Xy1fJPf
jane14,yYg4C9eKC+
jane17,mYZ7FasZS&
jane19,FVlFh7Xb8)
jane20,wr50zWFRA_
jane201,#!gU7VNj_P
jane24,f(sr0JmSC)
jane27,Mw5IxdneC+
jane271,_C3NuTvqAx
jane28,V)0iWn!uWo
jane31,d0VVBrq+*9
jane33,TP*8lUOcC3
jane35,m!&4kIZqvX
jane36,6g!WoMQf#K
jane37,!Ey2yWJs)c
jane38,awn(4EIasF
jane381,q@a3+loF2M
jane41,(bV(8VaX+A
jane44,JGSBtw@$#5
jane46,#25#VshBj6
jane47,Qfx1&lQa$2
jane48,@x62UaLxgb
jane52,K6t1%P3e)0
jane521,(8uV_H5ppk
jane53,__8QCRVt72
jane54,+40N$sQhP5
jane541,l7b6PdNC^u
jane55,37T^bG1y$K
jane56,T%43A%tu&w
jane59,U#2P5Ucl%M
jane60,xD)5Y_k(4f
jane63,d3UDQUYi$s
jane631,_39LzX$j#^
jane64,X8COjhCf)y
jane65,1EC07#nki^
jane67,+4aM(y^eX&
jane69,f@0wFaHpDO
jane70,hS)GF3Ion4
jane701,2tbD^2+i_l
jane71,+5yYdFlXn(
jane73,x1)x2Tkqd8
jane74,0r9Wry_F%3
jane75,UYu)1P3pp2
jane79,T3XEauj!^C
jane80,&d6PPc6AX8
jane90,9q2CRP0e)c
jane91,(1ApRGtEN&
jane92,9K$LYpxq)3
jane921,L_20tQxudR
jane922,(+3Lur!SXb
jane94,0cKjEt*j_t
jane97,Gg^N1Az**!
janebui,^RtHvwqaA4
janebui1,NXz&O3RpkK
janebui2,%@7Vkv^8Ua
janebui3,Phf93WGe^h
janebui4,(HHJu48mK)
janebui5,!^dKNw8iX6
janedang,T_7WJC^*5c
janedang1,+twPZm^iB6
janedang2,&%1OJ!Cf##
janedang3,_jLQwDnjz9
janeduong,dVw6Ee1$x^
janeduong1,*0vTTAkyF2
janeduong2,8m28AArgF@
janeduong3,t4g0bZOoE)
janeduong4,%zE83QTp98
janeduong5,H+2CU+Sw4N
janeduong6,h%*9Ru$x8A
janeduong7,I9D1#61t(W
janeduong8,q#b46C56kw
janehoang,tEj1IH7sv@
janele,@j$KY4J!Q3
janele1,R&7WVEwt_e
janele2,P!1Co2GaMi
janele3,pB*7iFJkt4
janele4,N#1L0jsi0#
janele5,K1)BS3He!%
janemai,d+7FWkTw^d
janemai1,pY3A4oFeT(
janemai2,%(PF!Bq6d1
janenguyen,%7J#3gJc@L
janenguyen1,+eY#(4Inb^
janenguyen2,Y6U4Abbk$m
janenguyen3,^ErrlS!aQ2
janenguyen4,J0U8HC7p$M
janenguyen5,rR67Ci!A@O
janepham,*9TVfp9gJn
janepham1,Z)0$*zSk1L
janepham2,3Z9(COr6!d
janepham3,_!kt1OMzjt
janepham4,*RE60Ohsh6
janepham5,%4+PIzrH1L
janetran,@G8$QVwbze
janetran1,$bk2jUcfVJ
janetran2,D0T_bC69!_
janetran3,d67FgNQd^^
janetran4,^SU3o_NrVI
janevu,%79QN#gy$^
janevu1,2nas6Ph$@^
janevu2,##qZibveE5
janevu3,_s6cR@9mU#
janevu4,xW+7jJqz&1
jhoang,(NUdk1sHx5
jhoang1,3IVEUvcc*0
john00,2^gWxMJlj3
john01,)rN+x8ao3z
john04,gYfw)6HbM(
john06,7k(He4@x%6
john07,r*tk8LMo#4
john08,@)0M8TiV6Y
john09,Mw5M(m+m*F
john091,U0K#37Fdg%
john11,%1LN(6Nq^*
john111,lqzdPECd@7
john12,b)Rq0NDy6Q
john13,@7BJ6)@pu3
john15,i!9JJKkeqt
john16,z3Ne^%TC@n
john161,b4+yO&Qi!Q
john17,*MHnUwwA5v
john18,H*Q4Nx@rcr
john19,X*E0(Pet)s
john22,&U0#A8gDw%
john221,t!cp0Ue(sO
john23,$5qKKNgK88
john231,*KC#vrjm$0
john26,((#06_Twz2
john29,+21K3fFr5u
john291,8veS73c0)I
john30,+50B*B_d*i
john32,61W2ATlI_o
john33,b%40JmfLbv
john331,l^704Zwb@*
john34,H4)KB^jv!P
john38,+#0CdPYa5e
john44,Fw@3Tra90X
john441,kxY0HDWbw*
john442,59R5QXep%#
john45,Gj)4%1UzH0
john451,u34XkcB1#(
john452,@724WudH77
john47,J&8Fgsq0xX
john471,_*MyCt!x2M
john48,2i*u2AXxXE
john50,%F$Af8ogH1
john56,85Jki8Dh#s
john57,1*E%R0Uh3Z
john58,8YQKorR&++
john581,%3kfMA^jDY
john60,0O*VC!u^&%
john62,)17m_Sk0_P
john64,N4%rV8Mxv&
john641,fk!OqVlT^3
john66,#5Ta6OEKch
john70,S0OfMyTy$!
john701,(PL5VHkP(8
john702,n1XMMvs%)H
john74,MAwn6Jsza)
john741,@Yk0o@DuyY
john76,x_7CIbXf$N
john80,qg@3WB2zIx
john82,F3(Zdnvr#2
john83,bHjy6mDe@&
john84,n7TaW)H*$i
john85,ZCZX9Qs4!a
john87,f#7SnBh4UJ
john90,)36bxJvc+P
john92,F7X4RUdz!*
john95,9#T3igt9uT
john97,u1Q_^mB5$s
johnbui,MN8luZRf2#
johnbui1,s1L%n0Jy_1
johnbui2,P5Q(Sk$n@z
johnbui3,6#TMvvlX#7
johnbui4,7NFlJd7V#W
johndang,pMUC5Rdk@h
johndang1,^O3BcMJuno
johndang2,C!9Z#aKXQ)
johndang3,+oSL4yjr4K
johndang4,28HDPQsQ#9
johnduong,dT9i2sYur_
johnduong1,#EA9m(lhv$
johnduong2,%b55Krt3*0
johnduong3,VBYeIK6c@9
johnduong4,c(@r0Qoq_J
johnduong5,%u9^)Uw%x+
johnduong6,(s1W2ZFdR%
johnduong7,^E%yBLDx67
johnhoang,%+0Ktp&vav
johnhoang1,eJVzQiM$*4
johnhoang10,ia4D^dx4t#
johnhoang11,F8N6pZvB^(
johnhoang12,*iQrF3c)7g
johnhoang2,k^Bx6Yy@5@
johnhoang3,9Z0AAo@a^8
johnhoang4,t%&m1B90vu
johnhoang5,mFM7IRCf!8
johnhoang6,D9tPmtS!+7
johnhoang7,)4*sHDOtH9
johnhoang8,_d0Imsw9Zp
johnhoang9,*)2WuTMm!1
johnle,$N2L&y_v(*
johnle1,*7Tr53qNWx
johnle2,(uHEjz1M*9
johnle3,3aA0XMXsl!
johnle4,%58#EWSgzF
johnle5,Z)zv$94zJH
johnmai,!jABqfcrt3
johnmai1,76M$AzBi)1
johnmai2,0$T#5t_pUC
johnmai3,RFMp*0Fn^1
johnmai4,%4zS7tTS*a
johnmai5,*1&ARPaWtJ
johnnguyen,P!d9e2f!ZT
johnnguyen1,6Z9IuuLN+B
johnnguyen2,*4^YWq@8gN
johnnguyen3,E(9fEW^jyi
johnnguyen4,F28AWRxt(f
johnnguyen5,pQ@sc7jcV_
johnpham,j&V&O#OmY4
johnpham1,8geGhMkq*I
johnpham2,(*7Vf*sy+M
johnpham3,c1xMXRpu#v
johnpham4,q*s8VN#qmE
johntran,_Z4rzr5R7l
johntran1,_5bNOVv73x
johntran2,92PtL+rW!P
johntran3,^3XDzugtK8
johntran4,y3dnI2Xi(r
johntran5,2zSbYpqQ@e
johntran6,&2vtWToZUT
johntran7,_5YYlIr7j!
johnvu,Qv!i(6py!2
johnvu1,Nby8vXs%*S
johnvu2,pl)U8NmXns
johnvu3,ZbVuSoTT%7
johnvu4,WK%2HxRw@R
johnvu5,@z0QyYfb)s
kbui,W0$W#Wi3@p
kbui1,(gM%E*hZ7R
kdang,08c9Kbp3#e
kdang1,9*LCEi@5&%
kdang2,_4I&V_q80U
ktran,B(V35Z)fyA
lduong,#ILAkTaR$4
lduong1,H$#8SYj@6p
lejane,7Y+9Od4A($
lejane1,7759OgHx(+
lejane2,+#Jm7I4aw4
lejane3,%2Yz1^vkh4
lejane4,%QG9YzSQPN
lejane5,RK&+7HXxCc
lejane6,%i96LFJ8+$
lejane7,7+pGZdMW%Q
lejane8,@%7VVGvj%g
lejane9,)2tEmKeVMV
lejohn,n%99kTz#fM
lejohn1,sEJ_6GBnsK
lejohn2,t!2WqF8!dj
lejohn3,G!!Mr4Hool
lejohn4,D*0P8NcXnv
lejohn5,b6+3EgNe%w
maijane,)iz(SFe8o9
maijane1,&cIyS42lk9
maijane2,ONr!11Js_x
maijane3,*4f_QI2Plv
maijane4,Y)3mGXeK&T
maijohn,^K0JGTBzeC
maijohn1,1^6@#IEhFD
maijohn2,^)YZi3Qk%Y
maijohn3,^rVAnbsO0D
maijohn4,z^2hTASl7Y
mbui,$)0HzaDu(4
mbui1,+7e^JwtK7w
mhoang,#Ej5HNqjZ4
mmai,BKK5tvr4**
mmai1,x7NKLLvw!x
mnguyen,v+G8QEj#Pp
nguyenjane,2yXr)udW#5
nguyenjane1,)7lcgUdVku
nguyenjane2,#9Sun)Pe(4
nguyenjane3,(s^3HYZruz
nguyenjohn,XE^6dBdOx%
nguyenjohn1,0$&8CIl_Vk
nguyenjohn2,9&TZHNth(B
nguyenjohn3,w6qJ8iEc#(
nguyenjohn4,Ci3NRPlvO$
nguyenjohn5,RQ0^0HNc%_
nguyenjohn6,oCk7g6YuM^
nhoang,+*h9b^Ik+7
nmai,#20^IqkRlW
npham,&B1CtpnE@r
npham1,%L@0Z%ApKs
obui,3ZGlq$pQ_Z
odang,J*6Cibm6Si
odang1,D1s0hP@g_(
omai,@#6xiJ^h%x
omai1,$b0sVj5_c9
omai2,1x)lGLG^#9
opham,%9PdFdep@B
ovu,!Ld0HUvam*
pdang,$dos5pWo!^
phamjane,eSSJGTzn(0
phamjane1,v3R(Gd@o@f
phamjane2,z1SD1CXa_8
phamjane3,Qi5YeE1W^2
phamjane4,@2qpxKpOj2
phamjane5,@b02HjSaHe
phamjane6,d9C2Ld*17+
phamjane7,p8zVXm5S)P
phamjane8,p%E6DTHtXY
phamjohn,Sp9!jBOAw_
phamjohn1,M9iyBVdS_(
phamjohn2,w&X25D0cV%
phamjohn3,)JwNAt!w$1
phamjohn4,28COvnB_+V
ppham,@MCQhvqZ40
ptran,g2Fw9yIb&q
pvu,G83qYPVp!9
pvu1,S25DQku3H)
qbui,80ddPXCp)4
qdang,#3DzoNU2_5
qmai,@0fHtElxwg
qvu,^1qaOez@Jj
rle,!9ha1Xhgf3
rmai,wP2TUOrb+N
rtran,(*kHf)1xW7
rtran1,)K0U*epk1q
rtran2,+3XpXg8_6g
sbui,!bJm+5cmL6
sdang,*01GJZ_myg
sdang1,Qw_%6NeT*U
sduong,Tw2mNjiY(C
sduong1,c+pbQ4Mr!7
sle,y641C#Fc)G
smai,_54t7Jfd@A
snguyen,xIbi1Wc$@+
tbui,r_9Ol_96^(
tbui1,%cwK0Ti^C1
tdang,+L!090a&u6
tdang1,AUA$7oDsd&
tduong,c@F7Jmfuyp
tle,mI^5ABg%E6
tranjane,Z^1TZTdoRo
tranjane1,Kt9NGGvYp@
tranjane2,*s3Ykri$)h
tranjane3,r(sx2laRMU
tranjane4,xU3WfMO+5$
tranjane5,clFCeHqa%8
tranjane6,Qk_2XTes^%
tranjohn,8n*N6Sbw&6
tranjohn1,!8OavTuL*Z
tranjohn2,_6BQMyz1p*
tranjohn3,gl4FqaTb^)
tranjohn4,&m99FzVjg@
ule,Mm%q!o0A)1
unguyen,#W3Qz(jcbM
vbui,8#38wPsRai
vdang,h3S(xW4i*w
vhoang,(&HEHQ%eh8
vhoang1,e^N9O^wtLF
vle,*Y1wBgKA5%
vmai,GS4d)4Ut+P
vnguyen,T#3JJaYk*U
vnguyen1,2m4R$1_q_v
vujane,p75Ujg$X+p
vujane1,mMtx5u8ib(
vujohn,4LA!nPSy#E
vujohn1,r$2QSXdrLP
vujohn2,10X$cA4w(U
vujohn3,w3#2G_ia@x
vujohn4,+89CWGPg%a
vujohn5,&*8%LpTkCX
vujohn6,7b!7yKGy_s
vujohn7,_C99AQmiw(
vvu,4*SB73oz$H
whoang,5W59NsGyR@
wpham,!$Y0BQagzW
wvu,06jfqFqu+3
xbui,&@5NegWE+R
xdang,@10Zm#2r%Y
ybui,_x0K(&vwt$
yhoang,)6MA&gRbtQ
yle,Cj25PM_fi_
zdang,*fOlB45Xm5
zduong,!e#!#1Qz$P
zhoang,P6WsvB@o)Q
zhoang1,@T2Ocz9)9i
zmai,C((1S_kD_f
znguyen,v!7@!AxrAG
ztran,d+7lXd0bKm
