RHServiceID,Status,Coach
SRV0069,Đang hoạt động,COA008
SRV0075,Đang hoạt động,COA033
SRV0054,Đang hoạt động,COA031
SRV0072,Ngưng,COA049
SRV0057,Đang hoạt động,COA028
SRV0034,Đang hoạt động,COA039
SRV0027,Đang hoạt động,COA001
SRV0039,Ngưng,COA042
SRV0076,Ngưng,COA037
SRV0022,Đang hoạt động,COA026
SRV0052,Ngưng,COA003
SRV0035,Ngưng,COA015
SRV0013,Đang hoạt động,COA013
SRV0033,Ngưng,COA014
SRV0044,Ngưng,COA038
SRV0072,Đang hoạt động,COA008
SRV0067,Ngưng,COA028
SRV0045,Đang hoạt động,COA010
SRV0034,Đang hoạt động,COA008
SRV0004,Ngưng,COA048
SRV0031,Ngưng,COA036
SRV0012,Ngưng,COA049
SRV0003,Ngưng,COA036
SRV0029,Ngưng,COA017
SRV0068,Đang hoạt động,COA006
SRV0053,Ngưng,COA038
SRV0045,Ngưng,COA048
SRV0071,Ngưng,COA037
SRV0034,Đang hoạt động,COA005
SRV0080,Đang hoạt động,COA032
SRV0074,Đang hoạt động,COA007
SRV0027,Ngưng,COA013
SRV0051,Ngưng,COA037
SRV0064,Đang hoạt động,COA032
SRV0052,Ngưng,COA028
SRV0067,Ngưng,COA031
SRV0063,Ngưng,COA037
SRV0027,Ngưng,COA036
SRV0055,Đang hoạt động,COA014
SRV0040,Đang hoạt động,COA032
SRV0033,Đang hoạt động,COA038
SRV0045,Đang hoạt động,COA050
SRV0072,Đang hoạt động,COA036
SRV0070,Ngưng,COA012
SRV0056,Ngưng,COA009
SRV0025,Đang hoạt động,COA039
SRV0078,Đang hoạt động,COA044
SRV0063,Ngưng,COA008
SRV0047,Đang hoạt động,COA003
SRV0013,Đang hoạt động,COA006
SRV0029,Đang hoạt động,COA022
SRV0040,Đang hoạt động,COA020
SRV0037,Đang hoạt động,COA048
SRV0026,Ngưng,COA017
SRV0064,Đang hoạt động,COA049
SRV0010,Ngưng,COA038
SRV0078,Đang hoạt động,COA006
SRV0001,Ngưng,COA007
SRV0050,Ngưng,COA030
SRV0078,Đang hoạt động,COA020
SRV0078,Đang hoạt động,COA022
SRV0062,Đang hoạt động,COA034
SRV0004,Ngưng,COA030
SRV0079,Ngưng,COA030
SRV0030,Ngưng,COA029
SRV0024,Đang hoạt động,COA038
SRV0051,Đang hoạt động,COA003
SRV0024,Đang hoạt động,COA030
SRV0024,Ngưng,COA020
SRV0029,Đang hoạt động,COA004
